fname,labels
avion/022ae613-75a9-4f95-8745-1e656e03ba56.jpg,avion
avion/03783d6a-63eb-41f8-a52f-767222bab38a.jpg,avion
avion/094e97e1-17e7-455b-9b67-187444bf156f.jpg,avion
avion/0c9c68a3-94dc-4cdc-aeb1-d3b86918486f.jpg,avion
avion/0cc51a5c-9e62-48be-a331-a814b279839f.jpg,avion
avion/0d851f26-7d84-44df-a048-71fed8389d93.jpg,avion
avion/19376ada-2166-4bb7-a8c5-3e6ee8484cba.jpg,avion
avion/1cf21977-5e04-4e39-a3a6-22ca41eed828.jpg,avion
avion/1f45f8f5-9848-414e-a863-364d54675ef9.jpg,avion
avion/20c789b3-2940-4447-abab-6b7bc03299ba.jpg,avion
avion/269cb4ab-60ca-49dc-8e88-e257685f35c7.jpg,avion
avion/294b5cb4-30ca-4b5a-87a1-46d04574cb7a.jpg,avion
avion/340c080f-095a-413e-b711-bb03bb8e24fb.jpg,avion
avion/344bc2f2-64b4-4c23-a099-97ca74a1fbb8.jpg,avion
avion/36277a92-6be5-41f8-97c7-37718fcab8d7.jpg,avion
avion/37182614-9d09-458b-b7da-da1717a33ff3.jpg,avion
avion/3774ed83-d4c3-4454-8b0f-f3bddb032ea4.jpg,avion
avion/37cdf953-136c-4dcc-b12c-786fb70f94b8.jpg,avion
avion/3dcb68f5-ab50-410a-9b58-76a03a9d621c.jpg,avion
avion/415278fd-17ee-4d10-a3b3-8c27e8bfd331.jpg,avion
avion/4347a58f-1c41-4aa4-9422-048744dc7d58.jpg,avion
avion/4592036e-47e1-4fdb-826f-c6aabac17883.jpg,avion
avion/461fd7ae-4e0c-4a8c-8876-177d281696d0.jpg,avion
avion/470c5cf7-cca0-416e-af03-8fa7fb15a519.jpg,avion
avion/4ed89505-ec8c-47e0-80fe-a3e26616b08e.jpg,avion
avion/51ef40bf-485b-46fc-be22-813cafe75cd0.jpg,avion
avion/540ef35c-5b01-4e8b-8bbd-522c5b7d9a96.jpg,avion
avion/5bfa40a2-0ab7-4375-8672-177247889caf.jpg,avion
avion/6014a277-33c3-4941-9bba-0dc8cc699d8a.jpg,avion
avion/63697afd-af17-40b0-94e1-b9650ed83527.jpg,avion
avion/6b62ee6c-7541-4931-a802-81dd417eb78a.jpg,avion
avion/73c4f2bb-e52c-4686-b181-f7040bcc1afa.jpg,avion
avion/73e299c3-0f80-4ffe-a4d0-2118f0f9518b.jpg,avion
avion/746e1a76-0832-4fb6-88ac-4c6495998094.jpg,avion
avion/74df345e-d6de-4f65-989f-280e6c6aae5c.jpg,avion
avion/75401830-112e-454a-849f-3d2ef89a2900.jpg,avion
avion/78be211c-a399-4491-9c6f-386354a14b12.jpg,avion
avion/79fc5f92-61b7-4dc9-8735-214bbc1c0349.jpg,avion
avion/83dd7ec9-4390-4714-a2f6-2688cdb3a16d.jpg,avion
avion/88cdd0b7-1402-4a8c-b851-9b38df4e0013.jpg,avion
avion/89196625-e295-41e6-b031-412eb6ccd83e.jpg,avion
avion/89c57ac2-94d2-4d46-8e69-348f772f0500.jpg,avion
avion/8a2d30e0-eb06-4f8f-bac6-ba8564ad6d48.jpg,avion
avion/8af4ffcb-471a-4da6-8f16-00c1d905074b.jpg,avion
avion/8ee7bf31-aaf0-4759-8ea1-3c002781a622.jpg,avion
avion/8fea58ce-7a9b-47bf-881b-6d9e1ea46c17.jpg,avion
avion/9686ea1c-2662-4b7f-8b14-5f93cca1fbc3.jpg,avion
avion/96d3948a-6b78-4b11-89d6-d605407fdaef.jpg,avion
avion/9cda2831-62a8-4b88-a5c2-d0fee62ce29f.jpg,avion
avion/a02241f5-1795-4239-b71f-7a9106451123.jpg,avion
avion/a0b87281-2c62-4c10-984f-098d1068f8c2.jpg,avion
avion/a1014b8f-8b87-4763-af9a-d59aefc0bcf0.jpg,avion
avion/a5bc6a71-40aa-4d0c-bcbd-801013465e7b.jpg,avion
avion/a64ea5ec-95cb-457e-ba46-a064309e0835.jpg,avion
avion/afc8e5b1-8880-49a2-99f4-39a7c55691f2.jpg,avion
avion/afe63f24-8056-4251-87ab-6468e9ebf78f.jpg,avion
avion/b1d4d2b9-c514-47c8-be73-7f017ee9fb48.jpg,avion
avion/b6932c2a-4ff4-4f70-9cd3-8d29d481dcc5.jpg,avion
avion/b7269eaa-2117-4c45-8583-05c634de89d2.jpg,avion
avion/be2d32ce-f6aa-46e0-aebf-e19b89ccd40a.jpg,avion
avion/c1d9f1e1-01c5-4bc4-86eb-0313a288e186.jpg,avion
avion/d041f2c5-44d5-4def-a6b7-80ed5a1b04fd.jpg,avion
avion/d1b75fce-702e-4773-ab17-f2896393a757.png,avion
avion/d735ec3e-1d67-455b-b29b-592b6bef16ce.jpg,avion
avion/d763318d-0de5-4a71-b8b3-8c5e584a8f29.jpg,avion
avion/db99ea8c-7345-469b-9582-6fb48ca0f9c6.jpg,avion
avion/descarga (9).jpg,avion
avion/df9fbc48-e6a0-4701-8075-226598ca9d96.jpg,avion
avion/e05fad7a-2363-465e-bb25-f391a96cc573.jpg,avion
avion/e0bb0cfd-efce-4f58-ae98-4df61bc50f13.jpg,avion
avion/e8800236-d9ec-49bd-9f69-a844b5e013fc.jpg,avion
avion/e95c6ced-826d-4642-9761-63560b881427.jpg,avion
avion/ee5dbe95-22bd-4548-ad88-b0e170be52cc.jpg,avion
avion/f0277fab-d0dc-40c6-9cf8-509f5f3db26f.jpg,avion
avion/f316bfc2-d5d9-432c-83aa-611316d714a4.jpeg,avion
avion/f3617fcf-4e3a-4174-b126-1600721db836.jpg,avion
avion/f63087b7-ee39-46a1-874f-0f7ddc5eb76f.jpg,avion
avion/f68053d4-eff7-42a7-9ed2-af6da1a55779.jpg,avion
avion/f775bbab-342a-4924-9ce9-57578c6bf201.jpg,avion
avion/f8da3cc6-313b-4802-8a05-163b29228ab5.jpg,avion
avion/f90ba997-1644-49e7-bf14-0ed72b8a6093.jpg,avion
avion/fa40d45b-af6c-426c-8538-c495c65ef3b4.jpg,avion
avion/images (1).jpg,avion
avion/images (10).jpg,avion
avion/images (11).jpg,avion
avion/images (12).jpg,avion
avion/images (13).jpg,avion
avion/images (14).jpg,avion
avion/images (15).jpg,avion
avion/images (16).jpg,avion
avion/images (17).jpg,avion
avion/images (18).jpg,avion
avion/images (19).jpg,avion
avion/images (2).jpg,avion
avion/images (20).jpg,avion
avion/images (21).jpg,avion
avion/images (22).jpg,avion
avion/images (23).jpg,avion
avion/images (24).jpg,avion
avion/images (25).jpg,avion
avion/images (26).jpg,avion
avion/images (3).jpg,avion
avion/images (4).jpg,avion
avion/images (5).jpg,avion
avion/images (6).jpg,avion
avion/images (7).jpg,avion
avion/images (8).jpg,avion
avion/images (9).jpg,avion
avion/images.jpg,avion
auto/02512c97-a3bc-46c2-90f5-52ca35abd940.jpg,auto
auto/03926413-2f9b-41d7-b1b3-c6ceb0d74563.jpeg,auto
auto/104d70aa-8ab1-4875-bd3c-5a41a3f32008.jpg,auto
auto/16e31fb8-f820-4d26-bf24-6f799347b41f.jpg,auto
auto/187a3bf7-3367-4ec5-8594-f11e0e349635.jpg,auto
auto/228382e6-958a-4459-9cec-86f7cee747d7.jpg,auto
auto/2604b6b4-7fcb-40da-9ae2-ba1e094c1885.png,auto
auto/2721da04-1367-488f-8032-bc26040e0d7d.jpg,auto
auto/29a710d8-e5ed-44c9-9cc4-75e36ce8b54b.jpg,auto
auto/2f0e9248-457d-4995-9310-da9cf9111117.png,auto
auto/2fb78d3f-4f40-4e61-8174-dcda07b4acc3.png,auto
auto/3a06bd46-0ebe-487a-a642-f2bfa1ba38e4.jpeg,auto
auto/3cb739e6-cf86-46ef-bb8b-4e58225c7031.jpg,auto
auto/3d3b0130-2885-442c-a3bd-3feb9f6f0a70.jpeg,auto
auto/41fb0fa0-0db3-4237-a785-7b0300c2f21a.jpg,auto
auto/4d95747e-4aa6-4f64-b278-4b8837bdde9d.jpg,auto
auto/4ded2fea-f0ed-4d76-b565-a9b1e672e080.jpg,auto
auto/51c38854-8c6d-4551-90b9-ef51bbae9be1.jpg,auto
auto/5254673e-3e71-4ddf-9703-22a9151f8a57.jpg,auto
auto/58df56c5-08ba-4921-a483-e979d8b7651b.jpg,auto
auto/5b8aaf45-16ee-48cd-8f2a-bfa016ddb3db.jpg,auto
auto/6dc9ca90-4fa0-4885-b6b5-8856b315fc5e.jpg,auto
auto/6e741cd2-6148-442b-82ca-72b9566d2776.jpg,auto
auto/6efdec0a-aac7-4b3e-be7c-1a908d2ddd06.jpg,auto
auto/71bc4f55-8c9e-4ec8-b9af-08ee32c9779d.jpg,auto
auto/74f1c269-e8b1-45ee-991e-6ba140e771ec.jpg,auto
auto/77eb10be-66ee-4c8c-a980-0d08266250cf.jpg,auto
auto/825c1db3-3026-4623-9b1a-f56f8a6bc160.jpg,auto
auto/8447bf45-9354-4f41-820a-c33225edef19.jpg,auto
auto/8699e4d9-664c-4ac5-8655-2dda10152b15.jpg,auto
auto/8e4629b0-cf2c-4473-9a77-1209a842e1d2.png,auto
auto/8e66dfce-e03e-4a79-85b0-193268ae5e5e.jpg,auto
auto/9a5a0401-549e-44c1-bda9-1a700b9f4eb8.jpg,auto
auto/b1f24108-6c54-4a5a-9970-168adcd33f3a.jpg,auto
auto/bfd7d57d-7727-4604-a3f2-d9101833b2b4.jpeg,auto
auto/c2bb9cd5-87ed-4564-8027-ce77302e4727.jpg,auto
auto/d7b96bfd-2003-4731-8fe2-ba93639b580e.jpg,auto
auto/descarga (1).jpg,auto
auto/descarga (2).jpg,auto
auto/descarga (3).jpg,auto
auto/descarga (4).jpg,auto
auto/descarga (5).jpg,auto
auto/descarga (6).jpg,auto
auto/descarga (7).jpg,auto
auto/descarga (8).jpg,auto
auto/descarga.jpg,auto
auto/e1b556a6-ba61-4844-990d-9e605c537e82.jpg,auto
auto/ea03b18f-2fdb-45ac-b2bd-7a42fd21db1a.jpg,auto
auto/eb6434d5-b9a5-4006-8983-07cf19c612f5.jpg,auto
auto/ebd57b79-93cf-470b-a747-bddc328cb541.png,auto
auto/f9488fb4-8cfd-4438-9e97-cae43b4d436c.jpg,auto
auto/images (1).jpg,auto
auto/images (10).jpg,auto
auto/images (11).jpg,auto
auto/images (12).jpg,auto
auto/images (13).jpg,auto
auto/images (14).jpg,auto
auto/images (15).jpg,auto
auto/images (16).jpg,auto
auto/images (17).jpg,auto
auto/images (18).jpg,auto
auto/images (19).jpg,auto
auto/images (2).jpg,auto
auto/images (3).jpg,auto
auto/images (4).jpg,auto
auto/images (5).jpg,auto
auto/images (6).jpg,auto
auto/images (7).jpg,auto
auto/images (8).jpg,auto
auto/images (9).jpg,auto
auto/images.jpg,auto
barco/07267455-ac38-4fd4-af8e-31ef3fe951f8.jpg,barco
barco/0ed2e741-804f-484d-8336-23614e969610.jpg,barco
barco/1cade34f-2ff7-4941-be05-fc604725e393.jpg,barco
barco/20b39640-9162-44f8-9f70-e9a26e02c0f8.jpg,barco
barco/266bc4d6-2f42-4d09-87cc-27df4138f1bc.jpg,barco
barco/2a2a4386-c911-4ba7-a707-f3656453d02e.jpg,barco
barco/2b1015ce-84b3-433e-9a04-f3a29d91b41d.jpeg,barco
barco/388afb74-0cf7-4ca5-a3e0-583360b16573.jpg,barco
barco/3a035704-6b1e-47b7-9241-d62ecbd06cd6.jpg,barco
barco/3dc2facd-6286-42d1-aff5-c9275ece483a.jpg,barco
barco/4071cfe7-f072-4c5b-b0f4-520a5fe5d66d.jpg,barco
barco/44206636-91fa-4589-a31e-8e84af79c64f.jpg,barco
barco/44b3a79b-9bd2-4cb5-a05e-599a7220f8f5.jpg,barco
barco/44d8e66e-48ac-4f52-b0b3-9f2f53391812.jpg,barco
barco/48e89417-52f1-48a7-831f-8b6ba7f85970.jpg,barco
barco/4b8db08b-17de-4c19-890f-8be34b1c0eba.jpg,barco
barco/4eae3285-81cf-4c1f-bf49-6157f659868a.jpg,barco
barco/51735840-562a-4190-b567-f9f37c2b36ad.jpg,barco
barco/51cc3a9c-4b2d-4f4a-ab78-f2ac232c8535.jpg,barco
barco/5226f4d8-3d87-41fa-8f86-f1c8b4a0b4a1.jpg,barco
barco/58a06842-2c2f-4a6a-8859-e10d2c956203.jpg,barco
barco/5db31f52-c356-42db-b1dc-dec8a0815e3b.jpg,barco
barco/632ef7ca-f247-4452-821f-cca33865ebbe.jpg,barco
barco/76c6fbe4-5d95-4637-aade-209bd686c227.jpg,barco
barco/7d4765fe-221b-4588-a413-9311d9a1dd2d.jpg,barco
barco/896480a8-3bd1-4a0a-8c44-4991ebc0af82.jpg,barco
barco/8a9889be-b7d7-40a7-abd0-5a64b171947e.jpg,barco
barco/8b7ee487-d5d0-40e6-9097-868cd8e8782f.jpg,barco
barco/8e9b3811-4eed-421c-8b48-8f055f0ebb35.jpg,barco
barco/988599f0-63cf-4ec4-9b21-5c867291f92a.jpg,barco
barco/9abdac3f-29b5-46ae-804c-849cd60f4f15.jpg,barco
barco/9d37730a-a26b-4e59-bb42-54fb13d887c6.jpg,barco
barco/acd18c2e-f54f-4f23-92ca-5db5e78ebe41.jpg,barco
barco/b69672d2-3848-4c8b-94b4-1e497c212e50.jpg,barco
barco/bcd3bcf8-d75c-4acf-82ba-0778aaf548bb.jpg,barco
barco/c2bddc28-b4f4-46f1-9dae-657fdee0c87e.jpg,barco
barco/c6a72cc6-0e6d-4355-8b68-8f2b0316d101.jpg,barco
barco/ca476d8c-e924-41f7-9ba0-e9c440caf9db.jpg,barco
barco/cea5c9f8-a0c6-4602-b67b-fec7c78c8f94.jpg,barco
barco/d164926f-d197-40fc-813b-cc56e423f2ad.jpg,barco
barco/d5ff7269-2fcc-4a3c-93d4-953400c0c687.jpeg,barco
barco/d70b4d5c-d979-4be4-a886-68e4cbe14eed.jpg,barco
barco/dd2ea3b4-1bd3-4cc7-930a-6679abe256d1.jpg,barco
barco/e63651ec-4ae8-48d1-9784-a13ce4977fdf.jpg,barco
barco/e720ece2-8048-4db9-bfd6-87c859dc4d35.jpg,barco
barco/e959f591-7c35-4938-b973-7a22ba4abe1d.jpg,barco
barco/f0751ecb-2ecc-4484-8c61-eef166145f90.jpg,barco
barco/f6f3b481-22f4-44dd-8fe8-598cfd5a80ce.jpg,barco
barco/f6f53d84-9d73-48ab-b1e0-165979aa30e1.jpg,barco
barco/fb3d7cea-0a6f-499e-9824-5fc0b2e9ce93.png,barco
barco/images (1).jpg,barco
barco/images (10).jpg,barco
barco/images (11).jpg,barco
barco/images (12).jpg,barco
barco/images (13).jpg,barco
barco/images (14).jpg,barco
barco/images (15).jpg,barco
barco/images (16).jpg,barco
barco/images (17).jpg,barco
barco/images (18).jpg,barco
barco/images (19).jpg,barco
barco/images (2).jpg,barco
barco/images (20).jpg,barco
barco/images (21).jpg,barco
barco/images (22).jpg,barco
barco/images (23).jpg,barco
barco/images (24).jpg,barco
barco/images (25).jpg,barco
barco/images (26).jpg,barco
barco/images (27).jpg,barco
barco/images (28).jpg,barco
barco/images (29).jpg,barco
barco/images (3).jpg,barco
barco/images (30).jpg,barco
barco/images (31).jpg,barco
barco/images (32).jpg,barco
barco/images (33).jpg,barco
barco/images (34).jpg,barco
barco/images (35).jpg,barco
barco/images (36).jpg,barco
barco/images (37).jpg,barco
barco/images (38).jpg,barco
barco/images (39).jpg,barco
barco/images (4).jpg,barco
barco/images (40).jpg,barco
barco/images (41).jpg,barco
barco/images (42).jpg,barco
barco/images (43).jpg,barco
barco/images (44).jpg,barco
barco/images (45).jpg,barco
barco/images (46).jpg,barco
barco/images (47).jpg,barco
barco/images (48).jpg,barco
barco/images (49).jpg,barco
barco/images (5).jpg,barco
barco/images (50).jpg,barco
barco/images (6).jpg,barco
barco/images (7).jpg,barco
barco/images (8).jpg,barco
barco/images (9).jpg,barco
barco/images.jpg,barco
user_added/new_55.jpg,avion barco
user_added/new_55.jpg,avion barco
user_added/new_222.jpg,barco
user_added/new_222.jpg,barco
